{"cameraMode":{"drawMode":0,"name":"Shaded","section":"Shading Mode"},"sceneLighting":false,"audioPlay":false,"sceneViewState":{"showFog":true,"showMaterialUpdate":false,"showSkybox":true,"showFlares":true,"showImageEffects":true,"showParticleSystems":true},"in2DMode":false,"pivot":{"x":-0.7519919872283936,"y":0.23043817281723023,"z":-0.6671105623245239},"rotation":{"x":0.1183869019150734,"y":0.5511674284934998,"z":-0.07902433723211289,"w":0.8222923874855042},"size":3.377746105194092,"orthographic":false}