{"cameraMode":{"drawMode":0,"name":"Shaded","section":"Shading Mode"},"sceneLighting":false,"audioPlay":false,"sceneViewState":{"showFog":true,"showMaterialUpdate":false,"showSkybox":true,"showFlares":true,"showImageEffects":true,"showParticleSystems":true},"in2DMode":false,"pivot":{"x":6.448519229888916,"y":-0.9024755358695984,"z":1.3191784620285035},"rotation":{"x":0.10634376108646393,"y":0.7678174376487732,"z":-0.13328276574611665,"w":0.6178863644599915},"size":8.05734920501709,"orthographic":false}