{"cameraMode":{"drawMode":0,"name":"Shaded","section":"Shading Mode"},"sceneLighting":false,"audioPlay":false,"sceneViewState":{"showFog":true,"showMaterialUpdate":false,"showSkybox":true,"showFlares":true,"showImageEffects":true,"showParticleSystems":true},"in2DMode":false,"pivot":{"x":1.7998783588409424,"y":3.0966262817382814,"z":-3.3960041999816896},"rotation":{"x":0.05634056031703949,"y":0.031762491911649707,"z":-0.0017769761616364122,"w":0.9979271292686462},"size":44.00026321411133,"orthographic":false}