{"cameraMode":{"drawMode":0,"name":"Shaded","section":"Shading Mode"},"sceneLighting":true,"audioPlay":false,"sceneViewState":{"showFog":true,"showMaterialUpdate":true,"showSkybox":true,"showFlares":true,"showImageEffects":true,"showParticleSystems":true},"in2DMode":false,"pivot":{"x":225.8991241455078,"y":16.634662628173829,"z":149.35972595214845},"rotation":{"x":-0.0598953440785408,"y":0.8815995454788208,"z":-0.11263681948184967,"w":-0.4562250077724457},"size":10.739984512329102,"orthographic":false}