{"cameraMode":{"drawMode":0,"name":"Shaded","section":"Shading Mode"},"sceneLighting":false,"audioPlay":false,"sceneViewState":{"showFog":true,"showMaterialUpdate":false,"showSkybox":true,"showFlares":true,"showImageEffects":true,"showParticleSystems":true},"in2DMode":false,"pivot":{"x":226.83079528808595,"y":11.645414352416993,"z":171.357177734375},"rotation":{"x":-0.0124977333471179,"y":-0.9848292469978333,"z":0.1581801176071167,"w":-0.07382716238498688},"size":88.36155700683594,"orthographic":false}