{"cameraMode":{"drawMode":0,"name":"Shaded","section":"Shading Mode"},"sceneLighting":false,"audioPlay":false,"sceneViewState":{"showFog":true,"showMaterialUpdate":false,"showSkybox":true,"showFlares":true,"showImageEffects":true,"showParticleSystems":true},"in2DMode":false,"pivot":{"x":0.48159360885620119,"y":3.9787397384643556,"z":-4.0928449630737309},"rotation":{"x":0.13982273638248444,"y":-0.04009076580405235,"z":0.005666167940944433,"w":0.9893490672111511},"size":63.16819763183594,"orthographic":false}