{"cameraMode":{"drawMode":0,"name":"Shaded","section":"Shading Mode"},"sceneLighting":true,"audioPlay":false,"sceneViewState":{"showFog":true,"showMaterialUpdate":false,"showSkybox":true,"showFlares":true,"showImageEffects":true,"showParticleSystems":true},"in2DMode":false,"pivot":{"x":0.060990653932094577,"y":1.215624213218689,"z":7.152182102203369},"rotation":{"x":-0.031036492437124254,"y":0.0791584700345993,"z":-0.003505419474095106,"w":-0.9967721700668335},"size":12.724254608154297,"orthographic":false}