{"cameraMode":{"drawMode":0,"name":"Shaded","section":"Shading Mode"},"sceneLighting":false,"audioPlay":false,"sceneViewState":{"showFog":true,"showMaterialUpdate":false,"showSkybox":true,"showFlares":true,"showImageEffects":true,"showParticleSystems":true},"in2DMode":false,"pivot":{"x":71.90935516357422,"y":41.96133804321289,"z":-29.849258422851564},"rotation":{"x":0.08184222877025604,"y":0.9175707697868347,"z":-0.25630509853363039,"w":0.29288291931152346},"size":93.47407531738281,"orthographic":false}