{"cameraMode":{"drawMode":0,"name":"Shaded","section":"Shading Mode"},"sceneLighting":false,"audioPlay":false,"sceneViewState":{"showFog":true,"showMaterialUpdate":false,"showSkybox":true,"showFlares":true,"showImageEffects":true,"showParticleSystems":true},"in2DMode":false,"pivot":{"x":1.036199688911438,"y":0.036523133516311648,"z":-0.37585222721099856},"rotation":{"x":-0.0940307155251503,"y":0.6045511364936829,"z":-0.07216542959213257,"w":-0.7877048850059509},"size":0.7693572640419006,"orthographic":false}