{"cameraMode":{"drawMode":0,"name":"Shaded","section":"Shading Mode"},"sceneLighting":true,"audioPlay":false,"sceneViewState":{"showFog":true,"showMaterialUpdate":false,"showSkybox":true,"showFlares":true,"showImageEffects":true,"showParticleSystems":true},"in2DMode":false,"pivot":{"x":2.543480634689331,"y":1.1805951595306397,"z":1.9380741119384766},"rotation":{"x":-0.013272403739392758,"y":-0.05490928143262863,"z":0.0010337490821257234,"w":0.9988827109336853},"size":3.5047359466552736,"orthographic":false}