{"cameraMode":{"drawMode":0,"name":"Shaded","section":"Shading Mode"},"sceneLighting":false,"audioPlay":false,"sceneViewState":{"showFog":true,"showMaterialUpdate":false,"showSkybox":true,"showFlares":true,"showImageEffects":true,"showParticleSystems":true},"in2DMode":false,"pivot":{"x":0.21153157949447633,"y":5.792502403259277,"z":4.5754852294921879},"rotation":{"x":-0.007632743567228317,"y":-0.979168713092804,"z":0.2004116028547287,"w":-0.03574884310364723},"size":61.283206939697269,"orthographic":false}