{"cameraMode":{"drawMode":0,"name":"Shaded","section":"Shading Mode"},"sceneLighting":false,"audioPlay":false,"sceneViewState":{"showFog":true,"showMaterialUpdate":false,"showSkybox":true,"showFlares":true,"showImageEffects":true,"showParticleSystems":true},"in2DMode":false,"pivot":{"x":0.7192879319190979,"y":0.821361780166626,"z":-1.6429493427276612},"rotation":{"x":0.028789808973670007,"y":0.023263495415449144,"z":-0.001288480358198285,"w":0.9995020627975464},"size":4.3565802574157719,"orthographic":false}