{"cameraMode":{"drawMode":0,"name":"Shaded","section":"Shading Mode"},"sceneLighting":false,"audioPlay":false,"sceneViewState":{"showFog":true,"showMaterialUpdate":false,"showSkybox":true,"showFlares":true,"showImageEffects":true,"showParticleSystems":true},"in2DMode":false,"pivot":{"x":225.16567993164063,"y":-9.794941902160645,"z":87.56341552734375},"rotation":{"x":0.0025954607408493759,"y":0.9769042730331421,"z":-0.21466155350208283,"w":0.009487374685704708},"size":88.36155700683594,"orthographic":false}