{"cameraMode":{"drawMode":0,"name":"Shaded","section":"Shading Mode"},"sceneLighting":false,"audioPlay":false,"sceneViewState":{"showFog":true,"showMaterialUpdate":false,"showSkybox":true,"showFlares":true,"showImageEffects":true,"showParticleSystems":true},"in2DMode":false,"pivot":{"x":1.036199688911438,"y":0.036523133516311648,"z":-0.37585222721099856},"rotation":{"x":-0.08167299628257752,"y":0.8861511945724487,"z":-0.17116832733154298,"w":-0.42282411456108096},"size":6.19384241104126,"orthographic":false}