{"cameraMode":{"drawMode":0,"name":"Shaded","section":"Shading Mode"},"sceneLighting":false,"audioPlay":false,"sceneViewState":{"showFog":true,"showMaterialUpdate":false,"showSkybox":false,"showFlares":true,"showImageEffects":true,"showParticleSystems":true},"in2DMode":false,"pivot":{"x":-2.034440279006958,"y":-8.037856101989746,"z":14.330134391784668},"rotation":{"x":0.32052043080329897,"y":-0.07421252131462097,"z":0.025471290573477746,"w":0.9441027641296387},"size":24.006223678588868,"orthographic":false}