{"cameraMode":{"drawMode":0,"name":"Shaded","section":"Shading Mode"},"sceneLighting":false,"audioPlay":false,"sceneViewState":{"showFog":true,"showMaterialUpdate":false,"showSkybox":true,"showFlares":true,"showImageEffects":true,"showParticleSystems":true},"in2DMode":false,"pivot":{"x":226.76605224609376,"y":7.730154514312744,"z":156.8563995361328},"rotation":{"x":0.2699579894542694,"y":0.009285926818847657,"z":-0.0017188816564157606,"w":0.9630056619644165},"size":1.5425472259521485,"orthographic":false}