{"cameraMode":{"drawMode":0,"name":"Shaded","section":"Shading Mode"},"sceneLighting":false,"audioPlay":false,"sceneViewState":{"showFog":true,"showMaterialUpdate":false,"showSkybox":true,"showFlares":true,"showImageEffects":true,"showParticleSystems":true},"in2DMode":false,"pivot":{"x":0.0,"y":3.4741125887194359e-7,"z":-2.384185791015625e-7},"rotation":{"x":-0.045499686151742938,"y":0.8874274492263794,"z":-0.08976906538009644,"w":-0.4498874247074127},"size":16.48664093017578,"orthographic":false}