{"cameraMode":{"drawMode":0,"name":"Shaded","section":"Shading Mode"},"sceneLighting":false,"audioPlay":false,"sceneViewState":{"showFog":true,"showMaterialUpdate":false,"showSkybox":true,"showFlares":true,"showImageEffects":true,"showParticleSystems":true},"in2DMode":false,"pivot":{"x":0.0,"y":3.4741125887194359e-7,"z":-2.384185791015625e-7},"rotation":{"x":-0.008854756131768227,"y":0.9213744401931763,"z":-0.021019676700234414,"w":-0.38814008235931399},"size":585.2646484375,"orthographic":false}