{"cameraMode":{"drawMode":0,"name":"Shaded","section":"Shading Mode"},"sceneLighting":false,"audioPlay":false,"sceneViewState":{"showFog":true,"showMaterialUpdate":false,"showSkybox":true,"showFlares":true,"showImageEffects":true,"showParticleSystems":true},"in2DMode":false,"pivot":{"x":236.8125762939453,"y":11.290820121765137,"z":153.88282775878907},"rotation":{"x":0.0023758753668516876,"y":0.9049027562141419,"z":0.0035202354192733766,"w":-0.4262312352657318},"size":5.358560085296631,"orthographic":false}