{"cameraMode":{"drawMode":0,"name":"Shaded","section":"Shading Mode"},"sceneLighting":false,"audioPlay":false,"sceneViewState":{"showFog":true,"showMaterialUpdate":false,"showSkybox":true,"showFlares":true,"showImageEffects":true,"showParticleSystems":true},"in2DMode":false,"pivot":{"x":229.5264892578125,"y":9.37378978729248,"z":155.7902374267578},"rotation":{"x":-0.19590330123901368,"y":0.21163858473300935,"z":0.04433710500597954,"w":0.9566723108291626},"size":-0.8382024168968201,"orthographic":false}