{"cameraMode":{"drawMode":0,"name":"Shaded","section":"Shading Mode"},"sceneLighting":false,"audioPlay":false,"sceneViewState":{"showFog":true,"showMaterialUpdate":false,"showSkybox":true,"showFlares":true,"showImageEffects":true,"showParticleSystems":true},"in2DMode":false,"pivot":{"x":143.68365478515626,"y":39.72682571411133,"z":273.6800231933594},"rotation":{"x":0.09068744629621506,"y":0.4838612973690033,"z":-0.05015699192881584,"w":0.8691120743751526},"size":5.540658473968506,"orthographic":false}